205,40,28,16
554,35,195,56
699,48,373,0
194,45,380,27
425,6,422,38
1,37,240,38
276,0,5,41
714,14,29,45
509,62,73,40
662,33,97,9
341,44,98,40
125,16,115,20
513,9,123,61
698,10,347,17
526,42,381,45
190,20,402,42
75,13,408,35
674,26,437,73
94,10,451,28
517,3,471,55
416,34,478,27
191,29,533,10
463,10,558,42
413,0,541,77
635,52,573,28
627,0,583,45
87,13,618,7
312,7,632,33
655,31,656,38
282,14,679,56
300,7,685,31
628,37,687,7
539,41,706,38
686,6,726,45
664,13,27,58
144,31,141,17
84,35,155,10
634,27,274,7
298,7,389,45
688,26,621,27
79,31,727,59
453,16,4,44
722,23,6,33
652,10,7,48
272,13,10,14
682,7,14,55
709,28,28,21
423,10,33,37
30,21,38,45
139,10,52,30
574,63,59,0
61,21,81,3
683,38,88,42
184,28,90,38
373,20,164,28
536,40,177,21
247,45,181,22
200,13,183,52
459,7,186,52
430,28,192,31
422,9,195,41
69,14,217,12
599,23,220,52
233,3,230,13
697,21,236,3
134,21,238,45
754,19,241,38
66,37,263,6
705,17,265,16
759,17,283,28
549,49,287,13
290,10,288,28
472,23,292,31
464,34,293,14
215,17,296,22
612,16,307,55
489,17,310,14
630,14,311,59
245,27,327,42
587,6,346,45
751,24,320,28
455,6,356,10
299,7,369,52
76,30,372,7
44,0,379,63
586,51,380,14
365,42,387,27
25,14,388,52
559,7,392,61
584,0,410,49
576,18,412,38
172,21,420,52
424,24,425,38
488,34,441,17
216,7,442,55
588,19,445,28
665,31,449,24
335,29,457,56
239,23,460,24
95,31,475,24
49,41,476,33
529,17,481,48
349,16,491,48
218,37,493,31
257,28,494,41
575,13,497,62
515,14,498,29
112,24,506,26
171,0,511,62
728,34,521,43
428,10,530,55
363,7,550,28
9,20,554,51
469,7,557,38
297,3,540,44
724,31,578,36
227,13,581,52
492,47,590,17
659,0,611,45
555,14,624,48
197,6,631,58
467,7,633,38
56,44,636,6
32,0,639,65
110,35,640,42
136,31,641,16
446,20,645,54
111,31,646,27
660,28,689,20
742,9,692,34
648,42,699,68
614,35,701,16
208,34,713,20
68,13,745,52
421,12,757,17
458,47,8,13
543,0,54,45
680,7,629,38
516,35,638,37
386,13,350,31
483,7,2,23
440,14,34,33
20,27,37,25
246,23,48,26
196,24,104,38
721,6,145,35
415,28,202,53
482,42,207,35
117,26,221,7
314,21,313,41
126,18,338,30
522,29,340,15
210,75,375,14
343,46,397,44
596,0,400,31
116,9,418,10
45,21,465,45
749,47,474,13
443,7,439,31
565,55,560,30
505,24,566,28
413,10,598,42
189,20,622,98
636,14,638,52
27,26,634,23
339,44,704,38
390,18,710,17
546,26,743,29
213,28,55,6
511,30,76,20
553,33,82,27
374,34,109,31
694,29,163,7
13,25,309,14
661,21,433,14
706,13,445,24
678,47,448,7
739,19,538,7
729,38,592,34
744,36,544,20
699,7,673,73
454,22,733,30
24,6,756,38
469,27,1,21
216,0,6,41
631,21,9,27
280,17,16,34
642,28,18,14
627,56,22,10
97,0,25,66
382,23,26,19
453,7,30,73
187,38,31,34
150,0,32,31
90,39,35,47
324,21,36,66
558,13,38,59
702,40,39,3
528,34,43,13
708,17,46,20
263,13,47,61
378,7,49,24
478,6,54,70
409,14,56,32
113,31,60,7
383,21,62,27
545,14,64,21
434,58,65,7
312,30,68,9
321,34,70,28
490,40,74,20
144,24,75,37
594,23,78,22
683,7,79,48
484,10,85,45
384,14,87,40
669,63,89,3
158,48,91,51
549,14,95,55
691,24,96,33
605,25,105,13
101,0,106,30
512,13,107,20
630,24,110,26
10,19,111,0
133,18,118,28
258,17,120,42
414,25,121,42
452,10,123,16
298,26,125,23
57,6,127,28
209,22,128,26
552,41,129,32
574,7,134,73
603,45,135,14
178,37,142,44
243,27,147,54
650,49,152,3
618,16,155,19
354,14,160,41
162,27,161,34
672,19,165,23
108,35,167,7
236,14,168,23
3,35,170,13
561,13,169,31
228,33,179,7
164,41,180,7
653,7,181,13
667,24,182,8
175,35,185,6
583,38,190,21
429,31,197,16
579,24,208,45
201,41,211,12
269,38,212,46
192,0,214,65
697,3,217,34
641,12,218,37
174,56,223,13
203,17,224,20
331,21,226,28
234,19,229,24
582,7,232,23
28,30,235,27
559,9,239,83
451,34,240,31
83,33,242,32
244,10,247,40
398,66,249,24
304,21,251,13
248,0,252,52
159,17,253,44
742,42,257,14
548,6,260,42
498,38,265,30
19,7,266,72
176,21,271,33
430,26,272,29
245,0,274,47
376,26,275,17
727,34,283,42
42,6,284,49
411,0,285,62
225,35,286,42
595,19,289,41
632,14,290,49
52,13,292,17
307,39,293,28
569,43,294,7
675,16,295,21
682,0,296,59
148,40,300,13
609,0,301,44
524,3,302,42
537,40,305,13
541,28,306,34
264,61,308,21
572,23,310,13
489,3,311,20
362,29,315,11
204,23,317,26
103,33,326,7
59,39,328,7
299,31,332,28
513,10,333,41
748,38,336,10
329,49,337,48
526,52,341,48
188,43,319,35
199,17,345,39
279,42,348,49
349,48,346,20
281,31,347,38
437,21,350,66
554,0,320,56
518,33,351,35
620,13,352,42
100,14,355,17
366,63,360,24
610,65,361,38
88,22,363,0
527,7,365,48
547,18,367,19
63,14,370,41
141,41,372,38
230,25,381,20
589,21,385,36
215,7,386,41
191,17,387,10
562,6,396,30
368,43,399,7
392,24,402,35
41,54,403,0
149,13,404,20
255,37,405,6
681,55,407,0
7,34,410,47
514,18,353,28
273,20,419,30
119,14,421,48
71,10,423,57
177,17,424,40
536,37,422,30
173,30,426,20
316,14,427,33
509,36,428,49
17,17,432,69
40,25,435,58
377,24,442,31
718,35,447,30
29,58,449,23
193,44,450,21
335,17,455,0
557,27,457,31
136,31,458,30
198,7,459,34
494,34,460,46
615,40,461,19
533,13,463,16
154,31,466,28
543,6,467,43
479,23,473,13
471,23,475,15
606,16,477,17
523,29,480,9
388,0,481,31
358,14,486,59
692,35,488,21
416,23,493,40
747,24,495,41
389,27,497,46
50,20,499,12
15,57,502,37
140,35,504,34
5,3,506,21
394,28,508,14
468,0,510,37
731,38,515,45
73,14,517,69
131,10,520,13
115,38,521,17
330,6,535,34
276,25,539,38
323,14,550,27
291,24,551,10
730,17,556,23
588,14,540,41
380,31,568,24
406,14,570,41
318,26,571,37
186,23,573,33
745,16,575,41
94,18,576,44
143,43,577,19
369,24,578,17
542,29,580,30
14,20,584,26
267,72,585,7
102,35,586,38
114,14,587,56
496,10,597,41
132,13,599,27
500,14,600,36
670,8,601,27
492,62,604,37
531,27,607,28
666,17,608,22
581,13,611,10
287,3,612,38
153,21,613,15
219,54,614,12
717,44,616,20
72,24,617,7
444,0,625,36
278,27,623,14
441,31,628,24
33,19,629,34
84,41,633,7
327,3,635,73
619,15,637,61
412,49,645,24
277,30,651,27
183,34,652,17
241,38,655,21
491,52,656,7
8,30,658,17
222,17,659,52
379,35,660,42
303,0,662,56
470,12,664,13
401,36,676,44
690,13,677,24
227,27,679,59
282,20,680,40
640,30,665,26
532,27,668,19
12,31,671,42
11,10,684,38
431,56,685,14
602,31,686,10
408,41,687,3
220,6,688,50
530,13,689,45
567,0,693,12
256,21,696,34
233,7,698,23
644,10,700,45
713,10,701,14
755,17,703,51
195,52,705,59
487,31,707,24
732,38,709,21
58,13,711,35
438,0,712,33
464,24,714,7
643,20,715,35
364,26,719,38
564,38,720,13
646,0,722,54
344,14,723,19
80,21,724,45
268,42,734,28
270,30,735,27
137,28,736,36
334,10,738,63
436,34,740,0
663,7,750,38
726,3,751,37
325,20,752,14
92,22,753,16
124,42,695,21
4,13,757,17
184,23,759,34
172,9,171,27
563,20,231,0
647,28,359,29
261,43,725,38
274,25,84,33
202,31,116,50
97,10,123,34
510,38,339,7
439,40,415,14
704,10,443,7
349,42,467,21
616,0,555,52
371,30,544,31
161,7,630,63
617,24,62,17
54,63,90,21
645,34,130,58
448,17,206,13
163,7,213,21
592,41,661,20
756,30,694,17
105,14,3,40
584,12,6,52
411,22,9,47
8,14,7,41
286,35,12,28
352,26,13,0
348,10,14,52
128,7,15,47
534,35,17,21
466,7,19,31
732,6,23,38
357,42,24,12
73,46,26,24
445,28,27,35
730,52,28,35
700,17,36,41
404,23,41,22
125,42,44,6
66,24,47,41
613,30,50,31
74,20,51,32
290,27,52,20
250,23,57,27
570,52,58,19
499,59,61,47
245,23,69,36
577,30,71,42
96,21,72,24
581,31,76,37
288,42,79,45
248,14,83,43
356,10,87,13
713,7,98,20
317,14,100,40
425,10,102,38
60,6,103,34
419,28,113,21
308,22,114,35
621,40,115,3
418,17,117,26
638,30,118,16
178,14,119,48
342,21,122,14
232,48,126,0
151,0,127,38
334,14,131,36
328,17,133,20
382,31,135,42
574,3,136,30
422,28,140,31
29,38,141,24
743,0,143,46
659,21,144,49
513,14,150,27
22,18,152,23
39,55,154,45
89,9,148,30
474,28,149,21
75,38,155,21
137,50,157,21
85,17,158,14
734,34,159,13
604,7,160,57
56,27,162,31
685,34,164,10
81,16,165,27
120,34,170,7
139,25,171,28
646,21,172,7
306,3,183,41
168,13,184,33
99,54,185,20
580,40,187,47
571,56,188,24
43,27,189,43
428,13,191,55
2,14,193,42
586,35,194,31
657,10,198,18
458,17,200,12
271,28,203,18
477,48,204,16
590,14,205,45
674,34,208,61
375,28,212,37
311,30,214,36
656,21,216,50
511,42,217,25
45,6,219,42
527,7,220,54
538,31,224,21
673,42,225,13
442,55,227,19
682,0,233,34
251,0,234,42
322,47,235,33
68,7,237,63
4,48,240,38
239,38,241,42
720,27,243,24
64,29,244,35
486,28,246,24
385,20,252,52
355,13,255,23
129,30,256,35
643,45,258,16
637,37,259,14
432,43,261,40
153,43,264,48
472,24,265,27
49,14,268,24
175,26,270,37
111,7,272,20
40,27,273,37
429,17,276,35
48,10,278,30
70,12,279,29
728,45,281,33
121,34,282,39
190,15,285,34
293,20,292,17
607,41,294,14
556,18,297,35
599,22,299,38
313,6,303,13
176,35,304,38
736,26,305,12
484,47,315,28
615,7,316,0
289,7,318,44
533,3,323,50
63,27,321,28
269,48,324,41
253,42,325,9
636,0,327,73
360,0,330,59
739,45,331,3
80,31,335,56
546,42,337,21
461,27,338,0
314,10,341,62
447,33,319,38
560,27,344,16
347,0,320,31
366,36,354,42
390,37,358,6
91,60,359,32
236,27,363,7
566,27,364,20
489,14,365,44
525,0,368,36
722,40,369,37
201,14,370,13
516,16,377,48
33,20,386,41
387,10,388,34
378,28,391,34
727,47,392,50
180,0,394,35
414,23,395,40
719,26,396,0
132,55,397,16
400,69,401,13
249,44,405,9
676,49,406,3
346,15,408,56
456,58,409,0
112,10,412,38
463,0,416,38
625,27,417,17
55,14,353,38
697,16,420,21
575,20,421,28
110,33,423,43
536,39,424,18
374,7,427,28
78,3,430,28
399,30,435,22
226,7,436,42
431,83,444,19
332,27,446,45
336,20,452,70
267,27,453,10
662,40,459,28
287,0,464,58
221,48,468,13
450,23,469,62
275,20,470,28
179,10,476,17
210,27,479,7
677,13,482,28
260,45,440,7
520,39,485,34
310,0,488,66
222,45,483,38
629,10,491,34
413,7,492,59
634,13,493,43
192,3,494,17
199,33,495,27
532,17,496,16
757,14,497,48
585,7,501,28
384,75,502,2
93,28,503,35
343,48,505,45
228,21,508,23
197,49,509,48
433,24,512,30
230,7,517,10
263,0,518,40
481,30,521,14
473,31,522,14
46,16,524,48
312,31,526,21
707,22,528,46
257,17,530,42
535,14,531,24
284,68,537,74
16,34,523,31
506,13,539,10
714,31,549,42
37,14,550,44
644,28,551,17
715,43,552,5
426,7,553,6
145,47,554,21
223,42,559,28
31,49,542,52
708,19,561,21
229,20,563,10
207,0,564,56
196,21,565,47
602,27,567,7
731,38,568,14
670,6,569,22
410,35,572,3
238,35,573,38
460,49,578,17
701,7,579,31
594,23,582,20
541,23,583,50
478,51,587,27
576,26,588,6
619,20,591,27
748,30,595,0
711,20,596,43
340,7,597,40
745,28,598,27
480,10,603,7
462,51,605,17
351,20,606,3
667,0,608,46
291,14,610,19
35,0,611,35
622,17,612,38
381,49,614,0
20,3,618,20
302,27,620,20
403,31,547,56
34,23,548,27
142,14,623,17
593,13,627,23
402,7,624,30
296,7,631,35
660,20,633,17
529,10,635,38
441,35,639,21
30,49,640,28
65,45,642,24
398,14,647,28
373,47,648,34
752,22,650,49
1,38,652,35
329,12,653,17
540,20,655,35
11,12,658,20
681,23,675,16
471,48,664,34
242,14,678,31
698,24,680,36
451,24,665,42
601,31,666,7
361,24,668,20
182,21,669,26
345,17,672,21
750,17,684,22
372,31,687,34
350,21,689,23
333,33,691,6
186,28,692,21
124,38,693,21
695,23,690,7
167,24,683,52
177,27,699,23
67,14,702,31
283,19,705,44
515,21,706,59
277,27,709,21
104,31,710,41
609,24,712,35
562,6,717,30
383,14,718,38
626,31,721,27
147,55,723,7
108,17,724,35
454,0,725,58
181,13,726,38
733,14,729,17
703,56,735,21
738,30,737,17
407,7,740,41
651,10,741,34
455,14,742,29
82,29,744,20
367,34,749,42
465,27,754,42
92,13,759,44
209,14,663,16
32,7,9,42
542,17,267,60
38,20,307,14
129,31,461,28
224,29,213,26
272,18,262,41
155,14,578,17
287,0,1,21
142,28,2,20
365,48,5,17
214,21,6,42
617,5,20,33
53,6,21,14
225,62,22,14
376,14,23,45
95,45,27,49
471,14,30,52
680,14,33,21
585,14,34,34
345,17,40,34
495,49,42,20
485,12,43,21
370,40,46,17
160,41,47,54
568,24,48,32
487,37,51,35
3,23,60,6
378,0,66,13
606,0,67,40
614,37,70,19
222,14,71,40
346,9,75,34
356,10,76,40
104,55,80,42
444,38,81,28
689,33,84,41
600,36,85,20
455,7,90,36
16,29,91,21
627,3,92,38
741,42,93,24
515,14,94,42
68,3,98,44
747,21,99,34
39,42,100,14
523,41,107,13
26,24,109,31
416,33,110,31
69,7,112,41
360,12,113,65
61,23,114,17
429,43,118,9
143,33,121,18
641,18,123,20
690,14,124,30
132,27,126,6
387,24,130,31
671,37,137,21
156,12,139,27
265,12,141,21
220,49,146,7
78,34,147,37
579,59,150,16
19,24,151,21
394,28,153,35
12,57,154,20
56,9,161,41
271,43,163,13
518,40,164,37
476,35,165,7
111,25,166,35
428,40,167,32
533,7,168,31
435,24,170,21
740,35,173,54
696,31,175,12
620,28,176,29
685,33,177,21
278,50,178,3
264,24,179,28
363,6,181,21
504,10,182,16
655,13,183,47
420,21,184,30
457,41,186,70
591,34,189,58
44,7,190,63
188,47,196,34
59,20,198,19
127,29,199,17
662,13,200,20
117,24,202,14
50,24,205,14
243,36,207,40
693,25,209,13
246,17,210,42
136,48,215,3
350,34,217,3
134,17,218,23
339,7,221,20
133,18,223,19
678,31,226,24
588,16,227,56
613,36,228,33
318,28,232,37
754,36,233,43
86,3,236,17
652,0,238,66
304,17,242,31
361,31,247,18
321,35,248,37
204,27,249,30
255,19,253,48
135,0,256,56
396,30,257,34
537,48,258,42
373,47,263,20
473,10,269,13
18,24,270,21
664,14,274,47
545,25,277,38
17,28,280,34
639,35,283,42
261,7,295,42
245,40,296,35
507,31,297,34
717,34,298,45
699,20,300,40
266,16,301,43
427,14,302,33
115,10,306,24
590,37,308,42
203,41,309,28
73,16,312,43
691,16,313,13
738,50,322,48
700,36,324,47
103,28,325,7
273,25,326,22
409,10,327,55
87,21,335,38
522,13,337,42
237,63,340,14
682,12,343,60
289,21,344,16
637,38,348,32
478,30,349,27
410,34,320,29
250,21,351,49
316,13,352,28
734,27,354,21
710,39,358,15
185,7,359,55
149,13,367,20
357,20,371,26
436,59,374,10
392,17,379,36
45,21,381,42
544,17,382,34
72,38,383,22
319,17,384,19
279,34,385,41
679,26,388,10
192,14,389,73
551,20,390,26
244,20,391,34
716,22,393,14
193,17,395,42
571,46,397,17
406,0,400,58
558,7,402,24
749,33,403,7
547,7,404,38
294,13,405,7
206,0,407,35
14,52,411,9
288,31,412,27
745,51,413,20
653,27,414,16
508,0,417,27
468,0,418,30
195,52,423,51
194,39,425,13
424,30,422,50
338,14,426,27
276,35,430,38
180,2,431,72
434,62,438,6
539,31,441,24
386,31,442,41
415,34,443,17
37,24,447,20
673,48,448,0
730,38,450,59
449,38,451,35
108,37,452,34
55,3,454,10
329,7,456,56
128,0,458,59
517,0,460,42
669,7,462,28
618,3,463,13
421,10,464,22
453,3,467,77
470,7,472,46
41,48,474,17
726,7,475,24
366,27,477,41
375,27,479,32
694,7,480,10
116,15,439,37
31,28,440,34
755,63,484,10
36,20,486,38
281,24,489,36
315,25,490,35
492,21,483,49
152,24,496,21
557,7,498,28
64,34,499,24
362,0,500,20
187,20,501,41
582,39,502,10
328,18,505,16
372,7,506,48
341,44,509,14
292,24,511,20
528,42,514,21
587,34,516,24
583,13,521,35
561,20,524,34
342,36,525,3
208,55,526,52
10,37,527,20
494,45,529,42
446,29,530,26
610,24,532,27
231,2,534,30
647,27,535,7
102,33,536,8
380,14,549,59
88,36,550,20
683,21,555,63
519,29,556,39
540,23,541,24
718,45,560,10
211,20,563,45
96,56,565,34
286,3,569,13
596,0,570,36
635,58,543,6
239,28,572,6
230,7,574,17
469,21,575,28
668,3,576,41
670,43,577,28
25,20,584,21
140,28,586,56
252,35,589,27
433,16,592,47
598,27,593,13
62,34,594,38
650,30,597,44
148,23,601,14
15,17,602,42
432,14,603,31
625,35,604,14
159,14,607,48
106,20,609,23
714,20,612,35
331,14,615,20
595,19,616,37
651,14,619,6
291,48,546,14
580,24,548,27
369,34,621,20
623,20,622,55
219,37,626,31
172,0,628,59
632,7,631,10
191,49,630,24
275,72,636,6
8,23,638,45
643,66,642,27
212,59,644,22
52,23,645,34
459,20,646,31
314,49,648,7
138,7,649,32
254,17,654,24
465,38,657,35
733,14,661,13
562,20,663,17
162,27,674,28
58,30,676,47
564,42,677,7
229,12,681,20
368,41,667,22
174,49,684,32
573,48,687,34
299,31,688,49
241,27,692,24
35,21,698,24
672,14,702,45
101,30,703,48
510,42,704,0
240,14,705,45
120,28,708,23
497,38,706,31
466,19,707,24
259,37,709,23
401,40,711,36
234,38,712,44
538,7,715,37
303,0,719,49
723,16,720,38
566,19,721,27
491,45,722,33
512,7,725,45
437,14,728,45
119,34,731,36
145,26,732,23
65,21,735,14
666,0,736,17
334,10,737,23
13,23,739,41
323,19,742,33
686,39,743,30
553,39,744,36
77,0,746,36
333,51,748,14
658,13,750,24
79,17,751,68
305,20,752,32
169,17,753,34
82,51,756,27
482,47,695,44
216,19,757,20
332,43,758,54
599,23,759,52
660,62,29,27
25,14,239,34
418,26,339,9
640,35,493,45
213,21,82,17
227,35,449,24
392,41,494,28
75,14,4,28
638,3,9,38
217,34,7,20
146,7,10,42
396,7,11,14
615,13,13,6
587,16,14,56
295,17,16,6
107,36,17,23
721,58,23,41
109,54,24,25
83,39,26,16
314,33,28,14
548,14,31,33
296,33,32,30
319,28,37,27
349,17,38,45
253,55,39,31
367,0,41,52
277,16,43,19
701,17,45,7
114,27,47,14
348,37,49,13
244,0,50,41
98,31,56,13
325,24,57,27
400,34,58,16
223,33,59,30
417,29,61,22
447,38,62,35
528,12,63,0
604,43,64,19
712,27,65,33
499,38,66,31
526,63,68,35
219,33,69,34
565,30,72,38
161,59,73,28
144,24,76,21
21,30,77,7
262,22,86,14
156,7,88,20
387,27,90,35
552,28,91,32
297,35,92,7
141,56,95,59
196,16,96,34
686,24,97,34
67,38,100,7
234,21,101,22
419,27,103,32
326,14,105,21
642,16,106,23
104,35,108,33
453,18,110,52
527,14,111,38
443,28,116,45
439,36,117,13
568,7,119,63
707,20,120,50
555,24,125,38
385,48,129,51
232,33,132,7
719,42,133,2
457,35,134,50
200,3,136,31
393,27,138,7
236,0,139,19
425,25,140,41
121,24,142,13
71,21,143,48
720,24,147,61
593,39,152,10
164,22,153,21
606,14,148,52
403,3,149,44
628,36,155,10
477,40,159,14
391,38,160,13
509,22,162,7
559,10,172,35
118,8,174,72
490,31,175,34
315,0,169,24
48,42,178,23
81,35,180,20
22,45,185,15
267,44,187,27
344,21,188,48
399,15,189,68
622,48,193,32
513,7,197,40
163,6,203,28
405,10,204,17
341,21,208,28
739,30,206,0
461,34,211,30
36,45,212,23
634,37,216,41
450,45,222,10
725,31,224,48
74,21,225,54
600,48,229,7
724,35,230,17
312,14,237,48
629,39,238,35
677,28,243,31
324,28,246,66
355,21,250,16
574,17,257,10
170,31,258,28
329,29,259,30
165,34,264,31
487,52,266,69
70,31,268,48
382,7,271,42
220,45,272,16
1,59,275,14
458,38,276,22
731,16,278,34
572,34,281,10
549,24,282,44
44,6,285,55
540,63,287,7
369,37,288,15
383,7,289,41
335,19,290,38
269,19,291,24
54,49,293,28
354,34,294,40
171,30,299,23
685,48,300,17
51,7,301,45
693,27,303,26
226,35,304,33
633,23,306,0
665,28,307,58
687,7,311,17
407,29,316,36
330,14,317,45
126,0,318,74
697,23,323,35
46,29,321,30
554,42,327,10
173,59,331,41
420,28,332,21
657,9,333,47
15,67,336,14
413,6,340,44
78,33,343,36
652,20,347,22
698,10,350,20
451,7,320,63
729,80,357,16
556,20,363,16
452,29,364,38
249,23,366,14
309,7,368,73
279,35,370,21
756,48,371,14
79,47,372,42
177,43,373,6
678,42,374,13
602,35,375,33
623,21,376,27
34,7,377,61
308,24,378,30
713,20,380,17
183,10,386,22
402,30,388,14
757,14,389,56
179,40,394,35
42,9,398,30
570,73,401,21
711,20,406,17
379,3,408,24
8,42,411,20
704,21,415,42
553,26,353,48
470,13,421,38
463,18,423,29
586,45,424,24
176,14,427,21
158,31,432,38
362,7,434,63
359,17,435,49
302,42,436,26
298,52,437,28
99,20,438,36
727,36,441,27
283,14,442,45
476,8,444,0
166,19,446,52
135,28,454,12
430,14,455,15
684,29,456,31
218,56,460,41
80,31,465,41
202,42,468,35
94,35,469,38
632,7,472,50
390,34,473,31
124,28,482,14
753,48,484,10
130,28,488,50
190,19,489,34
591,7,492,51
429,20,505,10
475,29,506,6
688,41,507,7
205,24,508,21
221,7,510,6
5,21,511,10
661,20,512,5
245,26,516,20
167,17,519,56
292,24,521,10
263,0,522,65
157,43,531,24
194,27,536,24
694,6,523,27
655,6,539,31
210,47,551,13
664,17,557,34
445,21,558,10
501,35,542,29
201,44,561,27
338,27,562,38
695,7,564,56
496,0,567,7
560,19,571,63
624,56,543,0
412,21,573,20
440,21,580,62
498,10,581,35
20,31,582,10
726,17,583,34
529,41,584,23
260,58,585,0
714,28,588,31
228,45,590,8
534,27,592,63
502,26,594,52
128,31,595,33
676,37,596,31
247,21,598,9
682,0,599,80
675,20,603,28
284,27,605,32
601,24,608,14
251,14,609,31
597,13,610,28
313,20,616,34
384,19,617,33
742,27,618,21
709,24,619,27
242,31,620,21
637,54,545,21
414,28,546,21
474,46,547,43
481,31,621,15
613,3,625,19
395,27,626,23
215,7,631,27
541,31,630,27
30,28,635,35
483,70,636,27
233,14,641,37
735,6,643,49
358,21,644,23
115,28,645,42
356,27,646,24
518,62,648,24
532,37,650,10
503,38,651,14
337,20,653,29
53,24,654,42
639,37,656,34
328,3,658,44
195,37,659,14
123,47,662,41
706,28,679,27
85,28,681,42
462,27,671,34
310,13,689,45
209,14,691,35
728,17,692,35
381,27,683,24
18,0,696,63
89,55,699,28
486,26,700,8
611,20,705,13
479,27,710,45
589,7,715,47
254,21,716,43
150,7,717,60
397,7,718,62
207,24,723,12
145,45,730,7
2,37,732,39
607,31,734,24
122,49,738,34
352,27,740,14
577,62,743,44
627,10,745,14
649,38,746,0
500,49,747,21
663,3,748,21
404,28,749,21
198,7,750,35
578,10,751,27
690,15,754,49
270,24,755,39
35,43,758,49
9,7,14,33
216,10,217,38
174,58,219,20
112,17,274,12
59,13,396,23
27,31,497,24
409,14,566,27
680,35,84,20
353,49,163,20
323,18,220,42
557,13,227,24
350,28,621,6
235,6,741,38
327,24,1,21
495,28,3,21
441,21,4,30
192,6,5,31
245,38,8,28
299,31,10,28
273,36,12,37
26,30,17,44
490,36,18,19
62,16,20,19
231,53,24,26
572,47,25,21
347,14,33,28
31,13,34,18
52,24,35,33
358,13,36,42
320,7,38,41
191,31,44,0
150,12,45,16
438,7,51,35
746,12,53,19
107,24,55,0
205,6,61,16
707,23,63,29
148,17,67,27
172,7,69,27
561,9,70,20
142,48,71,31
68,49,73,21
258,14,74,20
654,20,77,33
303,0,78,24
90,35,79,36
333,48,80,17
264,59,81,46
563,23,83,27
88,15,87,34
569,31,89,38
588,39,94,42
434,75,99,0
735,24,101,27
422,14,102,31
364,20,104,48
65,25,106,14
657,21,108,51
256,62,109,14
702,35,113,14
391,18,114,24
489,10,115,28
48,27,119,20
732,7,121,40
564,24,124,15
683,7,125,55
72,41,126,7
528,14,127,17
750,77,128,30
211,19,129,21
379,41,130,14
122,33,131,23
429,20,133,7
460,0,134,41
345,10,137,36
716,28,138,7
272,17,139,20
498,36,141,31
656,17,144,42
2,7,145,17
519,38,146,6
180,14,153,38
151,20,154,47
758,51,156,13
605,27,157,28
538,38,158,14
294,27,159,19
164,22,165,27
507,13,166,31
168,54,167,48
550,10,171,7
13,24,173,56
175,15,169,27
226,14,176,27
300,17,177,35
568,29,178,19
444,29,179,55
720,13,184,39
435,48,185,16
543,24,186,45
140,7,194,47
282,53,195,56
289,18,196,8
343,21,198,59
40,10,199,17
446,48,200,14
524,28,201,38
339,22,202,37
366,15,204,40
147,45,207,21
212,21,210,49
371,21,213,26
430,24,215,9
698,3,218,43
308,14,228,53
91,31,229,14
136,37,230,31
662,24,233,27
262,34,236,3
208,10,237,27
687,17,238,44
386,17,241,28
374,7,242,47
160,0,244,45
610,37,247,41
354,44,249,63
712,35,251,0
708,28,252,52
100,0,253,50
649,19,254,7
580,13,260,56
651,17,259,42
16,30,261,34
440,14,267,63
399,30,268,35
246,42,269,21
637,54,277,27
577,0,278,53
248,14,279,51
480,10,280,20
521,38,283,27
531,6,284,21
576,10,285,45
105,20,286,10
275,8,287,31
467,24,288,49
472,19,290,20
681,10,295,27
516,48,296,30
181,14,297,29
630,14,298,38
304,14,302,56
60,16,305,14
640,13,307,45
589,27,309,28
573,38,311,45
98,6,312,12
118,24,313,31
331,7,316,10
485,33,322,27
486,48,324,14
752,7,326,47
616,55,328,16
250,29,330,7
530,46,335,39
209,34,338,13
162,28,341,31
665,3,349,55
240,31,346,34
182,14,351,28
615,10,352,31
317,0,355,34
688,41,356,20
203,45,357,28
225,29,359,28
648,39,360,12
747,37,362,47
58,21,367,20
488,52,369,24
321,17,370,48
518,40,373,39
653,30,375,17
453,3,377,45
523,45,382,14
132,0,383,28
594,55,384,24
372,41,387,42
442,22,389,27
584,31,392,37
21,7,393,0
23,45,395,31
318,54,397,7
547,14,400,56
596,45,403,24
401,28,404,63
734,28,405,14
739,44,407,0
6,17,408,23
635,31,410,48
116,34,415,31
759,14,416,7
47,0,417,55
510,23,418,13
57,7,419,40
97,31,428,24
394,28,431,68
448,13,432,41
544,6,433,7
117,49,443,0
75,51,445,46
143,42,450,35
239,36,451,28
748,10,452,33
731,10,456,30
692,34,457,17
276,22,459,27
46,30,461,34
398,13,462,47
421,18,463,15
336,9,465,38
469,17,470,24
310,14,471,17
406,14,474,42
751,14,475,20
611,14,481,17
468,7,439,49
301,17,487,10
619,0,483,56
293,20,493,37
365,56,494,14
650,29,496,36
378,38,499,41
266,45,500,28
548,21,501,54
319,44,502,36
342,41,503,14
738,15,504,29
11,17,505,0
50,24,508,10
161,36,509,30
701,37,513,7
525,47,514,7
659,14,515,23
724,14,517,19
334,7,520,38
291,42,522,20
674,41,526,61
86,20,527,13
265,14,529,28
361,7,532,20
420,51,533,20
603,31,534,6
42,20,535,7
22,14,537,51
388,24,539,26
423,59,549,56
473,7,551,14
454,7,553,48
381,18,555,21
664,10,558,33
455,14,559,7
478,22,540,30
631,21,541,28
49,7,542,53
96,31,560,21
188,37,565,33
149,9,570,38
232,28,571,31
458,0,574,13
197,27,579,51
29,38,581,34
37,13,582,12
575,10,583,41
187,31,585,26
32,36,587,51
625,6,590,27
43,20,591,13
745,31,593,10
152,14,597,34
567,27,598,21
552,37,600,34
255,28,601,49
414,14,602,13
66,18,604,25
608,69,606,7
477,24,607,28
110,49,612,39
64,39,613,42
92,49,614,41
447,23,617,17
436,24,620,20
492,20,545,30
413,0,546,56
626,25,622,53
193,31,623,0
491,33,624,37
214,10,629,9
437,27,632,30
54,28,633,7
329,61,636,0
411,16,638,20
281,30,639,35
449,21,634,9
609,20,642,21
618,14,646,3
19,23,647,26
223,28,658,35
679,30,660,28
224,48,661,14
592,42,675,35
41,25,676,31
723,18,677,13
427,0,678,24
669,49,666,0
672,7,668,32
671,17,670,14
667,7,673,38
699,26,685,58
363,35,686,7
511,19,689,24
595,35,691,42
562,9,693,31
482,41,690,10
755,16,696,35
15,0,697,26
479,24,700,13
643,28,703,51
221,24,704,27
95,60,706,59
644,26,710,23
749,7,711,27
28,26,713,49
348,21,715,56
344,16,718,41
717,17,719,26
376,21,721,56
306,14,722,33
82,10,725,34
464,17,726,10
7,42,727,39
645,20,728,19
135,7,729,22
222,17,730,24
512,0,733,35
466,21,736,48
93,34,737,24
206,21,740,52
337,13,743,20
426,19,744,6
270,0,753,48
641,13,754,17
271,28,694,14
243,35,695,38
278,21,48,55
84,24,112,31
566,20,174,35
718,29,318,7
257,14,458,31
632,10,630,17
400,44,749,24
502,0,37,52
661,37,82,10
557,24,449,14
109,21,524,42
706,17,611,34
227,27,664,30
45,14,1,55
121,45,2,31
387,19,5,29
587,35,8,34
467,21,7,56
530,41,10,28
328,0,11,33
305,22,12,75
206,20,13,38
513,24,15,59
3,31,19,0
138,10,21,35
622,41,23,40
335,55,25,48
581,28,27,26
6,14,30,13
260,55,31,15
529,41,35,21
551,7,36,38
736,20,40,13
570,23,41,12
154,62,42,24
636,6,49,47
61,21,50,27
728,42,52,38
716,24,53,10
624,58,54,61
73,45,56,27
403,3,58,38
616,48,59,36
384,28,62,25
590,16,64,21
101,7,65,19
276,12,69,49
397,0,72,41
201,34,83,21
229,0,85,46
272,24,86,27
705,31,95,7
571,26,96,48
92,9,97,28
237,24,98,28
605,6,103,30
199,49,105,42
24,9,107,65
275,0,110,70
184,28,111,20
704,0,116,44
415,41,117,43
63,7,120,44
514,0,122,58
78,39,128,11
322,24,131,40
196,56,132,28
350,17,134,23
163,0,135,17
702,43,137,0
519,30,139,31
424,31,140,35
450,19,142,31
730,37,143,44
677,20,147,50
715,54,150,0
326,35,151,7
627,43,152,21
100,7,148,34
711,54,149,14
114,44,160,30
300,37,164,29
179,23,165,27
200,24,171,34
352,42,173,52
753,30,175,23
167,14,181,51
569,10,182,44
126,21,188,49
190,33,191,36
90,27,192,37
102,55,194,7
713,70,197,14
454,16,203,26
47,20,205,54
644,20,210,68
370,23,211,13
700,7,212,47
320,30,214,27
559,14,215,24
507,22,220,60
418,26,221,7
145,22,222,23
313,21,223,36
733,7,224,28
185,20,225,49
55,12,231,16
383,45,232,38
643,42,234,3
281,24,239,47
33,52,240,10
183,31,241,25
124,30,243,34
14,21,245,28
710,3,246,17
496,2,247,32
159,17,249,35
157,35,250,17
703,55,251,14
77,30,254,24
67,38,255,14
435,53,258,28
156,7,262,24
699,48,263,19
431,76,264,14
757,28,265,38
438,21,266,54
315,8,270,31
592,7,271,37
535,12,273,38
129,31,279,51
568,14,282,66
419,24,284,31
560,28,289,51
285,20,290,18
375,7,291,52
288,29,292,45
645,30,293,37
366,14,294,34
91,38,295,27
411,27,296,23
646,7,299,62
750,37,303,0
493,27,306,20
625,70,308,35
372,40,310,17
347,14,311,48
341,31,312,7
325,27,317,6
236,21,323,24
461,48,321,21
540,61,327,34
57,13,330,21
407,16,331,44
88,45,332,24
465,21,333,32
503,44,334,7
505,30,336,47
602,28,337,20
439,51,339,20
235,0,342,59
617,25,319,28
595,31,343,30
565,42,344,24
89,48,345,29
113,47,351,7
607,55,354,7
473,35,358,42
170,23,359,37
567,7,361,26
51,40,362,33
168,31,363,21
80,31,364,37
392,24,365,49
725,30,371,19
193,62,376,23
228,45,378,17
274,28,379,24
28,14,380,35
44,21,381,49
534,20,382,17
248,35,385,63
130,34,386,55
506,13,388,18
417,17,391,20
118,12,396,22
286,31,398,7
474,40,401,38
475,17,402,24
367,31,406,29
38,23,410,38
238,34,412,0
340,3,414,21
146,28,420,61
536,45,425,39
297,45,428,26
309,31,432,37
541,41,437,44
683,14,441,51
153,34,444,37
144,31,445,24
742,3,446,32
582,14,447,27
158,24,448,14
612,42,453,20
172,13,455,10
76,30,460,14
515,16,463,24
583,10,464,38
462,58,466,26
443,34,468,7
549,43,470,38
115,34,471,17
81,0,476,38
405,0,477,33
287,12,478,49
390,21,479,6
433,19,480,28
457,43,481,50
324,42,482,35
501,41,440,10
169,54,484,14
737,17,485,23
269,3,486,9
434,62,487,0
79,31,489,13
696,45,490,13
329,28,492,21
647,46,495,42
99,28,500,50
244,27,508,20
202,17,510,45
9,24,516,34
136,40,517,28
360,0,518,49
504,44,520,17
389,45,521,31
546,34,522,59
93,27,525,59
561,22,528,40
355,28,531,20
597,7,532,12
74,31,537,17
744,14,538,33
603,24,523,10
533,13,550,52
681,19,552,36
377,22,554,38
614,23,556,31
585,0,542,45
209,27,562,26
252,31,563,47
690,0,564,51
459,48,574,35
472,27,575,16
416,28,576,32
119,61,577,34
186,28,578,17
70,21,579,42
34,14,580,21
422,6,586,31
195,42,588,30
426,35,589,15
483,59,591,7
20,48,594,26
404,44,596,21
261,13,600,42
499,24,604,14
253,37,606,29
39,27,608,45
598,26,610,53
66,14,613,31
356,7,618,19
368,56,619,9
280,40,544,0
709,20,545,40
676,25,547,28
267,28,548,14
218,38,621,20
623,14,626,80
656,24,628,35
125,10,629,45
298,27,631,20
491,31,633,26
408,35,635,20
189,49,637,55
722,37,640,34
217,13,634,16
662,56,641,63
180,37,648,20
654,14,649,35
593,34,650,23
127,14,651,7
451,24,652,41
743,21,653,17
155,3,655,12
452,14,657,16
429,0,658,49
423,77,659,37
497,42,660,30
456,27,663,6
161,47,674,46
4,16,680,34
494,35,665,42
668,21,667,18
670,14,669,24
666,3,671,30
673,37,672,0
719,6,684,40
373,6,685,62
413,7,686,55
123,20,687,21
527,21,688,44
198,14,691,41
338,13,693,78
599,39,697,46
314,45,701,48
256,55,708,32
268,19,707,59
106,15,712,35
94,30,714,24
219,33,717,32
207,16,720,39
395,13,721,34
695,25,723,22
754,14,724,26
553,31,729,34
178,14,731,19
71,13,732,34
204,3,734,30
642,28,735,40
741,45,738,61
393,23,746,20
301,69,747,0
108,19,748,30
283,28,751,38
60,6,752,17
18,21,755,42
213,40,756,24
675,7,694,23
166,38,758,31
726,30,759,24
346,34,639,10
164,22,81,17
723,10,124,28
232,52,196,7
143,56,222,14
679,29,498,23
692,16,511,21
717,55,566,10
227,27,75,37
302,42,176,7
628,10,274,31
149,6,400,38
12,26,3,47
449,31,4,35
635,0,6,59
638,25,14,40
701,21,15,45
85,45,16,42
484,37,18,9
447,31,20,24
258,35,22,37
544,40,24,12
611,10,29,26
238,45,30,32
267,24,34,3
148,41,39,21
60,26,42,0
437,13,44,20
579,35,45,38
129,38,46,7
50,45,47,3
178,27,48,49
480,37,55,20
526,35,56,24
355,28,57,21
406,17,58,31
508,6,61,49
268,24,63,46
703,34,65,3
590,7,66,29
127,21,67,52
509,14,68,28
2,37,71,27
134,17,76,13
649,17,77,10
691,24,78,14
728,26,79,14
748,43,80,21
512,0,82,24
445,42,84,35
351,41,89,48
556,27,92,21
514,17,93,41
660,36,95,34
289,13,96,21
167,27,97,28
487,38,99,31
606,17,100,13
251,10,101,21
586,40,102,42
330,7,103,76
234,19,106,33
563,24,109,14
655,13,112,20
345,14,113,41
52,39,115,29
117,19,116,31
150,6,118,31
731,20,119,24
485,21,122,59
517,7,123,3
344,28,126,0
693,40,128,29
59,20,133,10
254,14,138,47
680,13,144,16
121,13,145,41
752,59,151,15
476,27,153,21
332,31,156,14
317,29,157,49
589,0,158,35
405,27,159,30
272,21,166,24
428,7,168,41
537,28,170,12
646,24,171,17
458,33,172,20
490,23,169,16
444,20,180,24
689,13,183,20
550,23,184,20
74,24,185,22
277,54,189,53
626,59,193,42
470,18,195,26
466,0,199,28
618,20,200,3
221,24,202,21
354,58,204,27
391,52,205,7
161,16,208,34
303,14,209,34
316,45,206,17
279,35,211,16
725,20,213,14
412,42,214,13
727,38,216,45
365,45,217,13
481,27,218,31
456,34,219,31
336,19,223,24
374,7,226,31
295,37,229,38
520,33,235,14
162,13,237,42
114,23,244,31
32,39,245,63
370,39,248,14
284,35,250,10
83,28,252,35
601,29,253,19
608,62,255,24
201,27,256,49
455,21,257,13
501,31,260,28
619,12,259,19
323,14,262,24
36,17,269,7
495,35,273,42
612,59,275,27
215,31,276,28
231,6,280,12
451,17,281,29
588,28,282,56
40,7,286,2
389,56,288,17
734,21,294,37
373,6,300,63
362,0,301,80
678,10,304,38
19,24,305,45
64,42,308,10
35,17,310,39
396,19,313,13
340,28,314,55
696,52,315,10
72,31,318,13
385,73,321,28
551,21,324,24
419,31,325,7
709,7,329,38
636,6,337,62
198,27,338,26
738,13,342,65
594,21,319,49
562,20,343,21
634,20,349,27
460,18,350,30
311,3,320,41
10,20,356,7
135,7,357,13
745,14,361,37
607,49,366,14
348,24,368,45
292,31,369,38
733,39,371,16
192,14,372,36
1,20,377,31
604,9,378,24
715,70,380,2
724,35,381,21
37,41,384,13
246,14,390,35
7,22,392,34
53,6,393,35
264,48,394,28
376,13,395,71
188,35,397,13
736,28,398,3
70,16,399,14
596,55,401,27
521,38,402,39
367,17,403,10
474,30,404,43
629,3,408,34
684,62,409,0
516,52,411,19
743,34,414,27
468,7,415,34
575,12,416,31
160,15,417,63
659,28,421,42
714,13,423,23
425,34,424,37
194,28,422,34
448,7,426,28
620,24,427,21
11,31,429,14
459,20,430,21
165,7,431,50
107,21,433,26
266,17,434,58
225,38,435,28
242,6,436,47
500,39,438,20
339,13,443,31
732,43,450,46
333,23,452,10
327,63,453,21
353,52,454,20
241,43,457,48
105,23,462,53
290,17,464,34
364,30,465,27
584,30,467,20
387,41,471,51
576,31,472,28
710,30,473,33
442,38,475,17
249,28,477,35
554,27,478,31
212,33,479,35
564,34,482,35
510,35,439,17
187,66,440,7
210,34,486,19
539,17,488,56
5,20,489,23
49,27,483,37
307,31,491,30
263,6,492,47
593,41,496,17
705,20,497,45
613,41,499,42
617,33,502,0
503,28,504,31
197,14,505,38
146,7,507,31
713,13,513,3
469,21,515,17
699,10,518,41
86,16,519,27
131,7,525,31
527,0,530,37
111,24,533,27
523,20,534,34
326,34,535,7
140,21,536,35
432,0,538,31
94,56,549,27
261,49,552,59
163,6,553,49
754,24,555,20
265,10,557,20
69,48,559,20
110,24,540,41
190,52,541,13
132,16,560,30
120,31,561,3
152,3,567,33
577,31,568,53
137,35,569,21
547,20,570,44
383,45,571,23
130,41,543,3
240,27,572,30
230,10,573,41
585,7,580,62
141,28,581,56
62,38,582,7
382,21,592,48
597,20,598,42
87,42,599,27
522,17,602,7
531,10,605,13
297,30,614,7
173,35,615,13
658,61,616,19
43,27,545,20
375,53,546,43
542,28,548,24
228,14,625,11
721,21,622,48
23,57,623,31
532,24,627,27
493,9,624,42
630,21,631,16
191,31,632,39
293,45,633,48
306,21,640,34
125,34,641,14
609,7,643,49
413,13,644,53
154,49,647,46
247,47,650,13
591,19,651,22
25,53,652,14
291,23,653,20
746,20,654,27
578,38,656,30
104,55,657,35
108,30,663,17
73,68,674,56
729,36,675,14
749,38,676,19
720,44,677,14
600,42,681,7
673,52,666,3
672,7,667,21
670,7,668,37
671,13,669,31
177,17,685,22
181,17,686,9
243,35,690,9
233,47,683,41
621,30,698,7
358,13,700,35
182,9,702,42
418,40,704,14
524,25,708,28
41,52,711,48
21,33,716,30
565,28,718,55
174,16,719,24
54,27,722,41
285,37,726,34
142,45,730,35
712,26,735,21
322,17,737,36
740,12,739,59
334,7,741,45
688,35,742,31
309,30,744,24
51,56,747,17
595,13,750,36
753,42,755,7
661,43,756,50
147,61,695,12
558,27,757,20
139,31,758,45
583,14,759,26
33,40,346,55
155,21,186,31
196,10,383,31
386,30,692,6
695,3,720,24
594,7,37,31
84,30,75,55
497,59,95,41
578,17,130,34
242,14,302,37
652,13,572,27
450,34,2,41
752,17,3,7
8,37,9,36
139,17,10,24
133,12,11,34
316,24,13,30
229,3,16,14
600,61,17,0
169,59,18,7
273,33,19,7
654,3,21,30
193,20,23,41
480,28,24,20
7,17,30,45
473,14,36,44
573,35,38,42
400,34,41,28
211,26,46,14
508,24,47,17
709,26,49,14
500,20,51,9
5,21,52,35
138,28,53,34
429,15,59,33
151,11,60,44
502,0,62,31
308,55,66,28
608,24,67,35
208,27,68,7
63,17,70,23
718,10,72,41
359,16,74,24
708,13,83,24
156,16,86,42
533,9,87,42
115,20,90,14
681,31,91,21
122,45,93,21
421,21,94,41
465,34,104,35
40,31,105,26
280,47,107,26
80,37,108,42
478,35,110,58
697,20,111,10
628,14,112,34
417,41,114,10
704,26,117,35
616,14,118,41
528,35,120,47
71,28,121,33
381,31,125,38
707,23,127,44
248,31,129,45
96,43,132,32
621,6,134,16
203,14,135,13
123,22,136,43
113,45,137,21
586,66,140,16
660,40,141,37
222,28,142,20
145,20,143,12
757,31,144,45
166,27,146,7
124,20,147,24
535,14,154,42
255,7,148,42
676,34,149,37
205,19,160,24
98,17,161,27
526,49,162,23
648,13,164,69
394,21,165,42
614,40,167,34
257,23,172,0
407,7,173,41
755,24,175,38
373,7,177,40
380,6,178,28
153,20,179,23
92,19,181,21
89,44,182,39
15,27,184,48
170,45,185,21
548,13,187,36
318,31,188,16
631,3,190,28
541,21,191,33
471,28,192,17
424,21,194,70
26,21,197,47
128,33,198,49
530,30,200,10
109,28,201,62
677,31,207,35
246,42,212,36
409,9,219,44
439,29,221,10
505,10,223,23
537,21,225,41
427,12,226,42
64,31,228,34
555,45,230,0
433,10,231,6
560,28,232,58
65,14,234,20
504,36,235,0
88,22,236,17
239,69,240,31
482,38,243,41
61,41,244,38
294,39,249,52
746,21,254,14
85,17,261,12
445,26,265,18
362,20,266,40
260,28,267,24
43,28,268,38
453,21,275,31
259,51,277,20
119,20,278,38
321,24,279,17
402,24,283,28
325,6,284,49
416,7,285,21
199,29,286,28
377,41,287,21
571,31,289,21
337,14,291,52
552,7,295,32
587,42,296,28
632,3,298,49
99,7,301,71
633,0,307,23
158,21,309,14
410,45,311,31
674,39,312,39
250,21,317,18
525,64,322,28
272,24,323,14
42,0,326,14
396,51,328,0
740,0,331,46
220,48,332,27
364,17,333,45
342,59,334,7
233,0,335,34
297,61,336,10
415,31,339,17
496,7,340,29
56,14,341,91
20,27,319,24
397,10,344,17
189,49,348,52
639,22,347,18
408,7,320,10
739,34,352,17
330,0,355,33
159,17,354,14
324,55,358,34
152,62,360,0
97,20,363,27
216,16,365,35
401,45,367,52
176,33,374,28
414,24,375,27
626,64,376,7
694,24,382,23
310,3,387,10
388,11,389,35
210,37,390,3
50,27,391,34
622,37,395,40
561,20,399,38
58,10,404,38
366,13,405,12
403,20,406,50
687,14,412,24
28,38,413,13
202,30,418,10
729,34,353,35
157,21,419,38
102,20,425,12
538,16,426,20
686,47,428,48
81,0,431,63
747,7,434,74
22,14,435,63
304,13,436,42
314,29,437,86
558,31,441,41
539,24,442,42
618,20,446,28
384,14,447,42
744,21,448,0
357,62,454,43
719,28,456,31
215,21,458,40
559,14,459,42
385,42,461,39
398,7,466,26
116,56,468,14
195,27,469,28
282,46,470,12
596,23,474,45
180,17,476,46
131,14,485,21
438,10,487,31
270,35,490,28
545,7,483,45
636,0,492,62
722,34,493,10
305,14,495,30
34,9,501,14
741,14,503,56
488,31,506,24
237,37,509,26
443,21,510,36
241,56,511,28
224,38,512,0
737,0,514,24
14,77,516,48
420,12,517,18
300,37,518,14
262,49,519,7
252,28,524,6
356,20,527,14
467,21,529,41
103,48,531,14
598,38,532,20
422,20,536,17
271,35,523,3
599,30,550,27
479,14,551,16
1,21,554,38
168,29,556,40
440,7,542,45
303,34,562,35
256,45,563,27
126,13,565,34
627,15,567,35
345,27,569,24
379,48,543,10
69,14,574,20
464,47,575,7
759,30,576,27
48,52,577,30
513,10,579,47
290,41,583,26
349,31,584,20
31,44,585,37
463,17,588,35
432,47,589,23
499,55,590,0
247,53,593,24
209,49,595,14
361,22,597,19
100,3,601,52
546,27,602,30
592,7,603,21
57,14,605,29
39,38,606,20
204,0,607,59
101,31,609,38
498,14,611,38
540,17,612,27
604,24,613,34
206,0,615,57
582,17,617,14
55,6,544,13
711,48,547,45
378,15,625,14
640,27,624,82
6,34,629,20
44,7,630,37
368,72,637,16
32,38,638,37
665,34,634,0
712,35,642,32
251,7,643,64
269,24,644,31
372,35,645,42
12,45,647,51
393,27,649,7
313,9,658,38
371,46,661,41
299,48,662,40
452,13,663,6
534,14,675,16
620,14,678,44
581,21,679,24
664,20,680,34
666,10,670,20
667,17,671,24
669,21,672,0
668,7,673,24
566,6,684,37
715,75,682,12
430,28,688,48
457,28,689,27
338,7,691,63
78,20,693,17
484,10,696,70
76,23,698,17
150,12,701,17
351,7,702,52
106,24,703,34
29,24,705,10
27,59,706,37
700,17,710,52
45,14,713,29
515,30,714,17
77,0,716,35
174,45,717,24
623,21,721,48
690,16,723,13
641,15,724,29
756,52,725,49
472,27,726,13
494,51,727,66
489,21,728,42
568,16,731,27
730,48,732,38
82,27,733,23
477,13,734,24
462,31,736,34
520,30,738,62
171,17,742,31
522,42,743,28
610,48,745,46
657,14,748,10
570,41,749,28
343,17,750,34
369,7,751,52
315,7,753,49
683,3,754,38
507,21,758,43
720,13,124,42
652,10,239,42
602,33,291,36
218,42,350,31
684,24,717,17
399,15,63,10
656,20,379,40
130,38,655,14
110,35,1,52
273,19,3,27
495,28,12,30
682,21,15,62
326,20,19,17
240,0,25,44
17,34,26,39
380,52,28,24
679,16,29,19
187,15,34,0
411,14,32,24
4,23,35,6
62,30,37,24
601,24,39,7
466,20,40,26
749,8,41,33
151,14,42,13
591,29,43,47
731,18,48,19
545,28,49,7
160,38,50,24
306,14,54,60
531,35,57,28
11,40,59,14
47,14,61,35
625,35,64,14
161,14,68,49
459,20,69,34
188,13,72,34
237,37,73,20
435,33,74,24
53,10,77,7
452,34,80,14
256,9,83,34
295,24,85,14
111,3,87,31
323,24,88,27
702,43,89,24
428,52,92,62
423,27,94,35
614,28,97,24
51,48,99,14
642,40,101,27
333,35,104,32
544,24,107,30
569,0,113,17
339,28,116,48
468,10,117,28
658,28,118,25
337,14,119,17
322,13,122,28
321,26,129,45
93,30,131,37
505,0,133,34
705,38,141,23
142,23,143,37
71,7,145,49
758,25,146,7
598,30,152,14
60,33,154,6
112,29,155,37
519,38,156,27
325,3,157,31
426,30,158,20
98,58,162,12
729,0,163,7
262,23,166,12
686,19,168,42
22,7,170,48
527,13,171,28
456,28,174,33
436,34,176,20
518,35,177,42
577,41,178,40
179,33,180,7
556,17,181,14
619,30,189,45
115,38,192,7
721,21,193,31
425,20,194,31
463,3,195,54
45,30,197,7
693,14,198,7
736,56,199,20
353,34,203,29
294,36,204,28
114,10,205,34
56,14,208,55
343,28,209,31
331,63,206,21
324,56,210,66
710,43,212,10
733,28,213,14
238,20,214,38
455,12,215,10
7,31,216,28
529,31,217,17
139,13,220,37
732,27,222,26
757,45,227,17
66,7,228,42
136,38,233,14
332,27,236,19
689,10,241,35
427,34,242,14
36,37,246,14
211,17,248,19
419,38,250,3
65,34,251,9
109,21,252,42
67,30,253,23
393,37,254,9
606,17,255,23
430,38,257,35
185,34,258,49
542,6,260,51
229,35,261,21
476,21,264,7
680,35,265,14
31,7,267,49
120,35,268,26
551,17,269,24
696,41,270,10
675,6,271,30
172,10,276,17
24,20,280,42
33,44,281,28
132,0,289,31
416,18,290,20
475,7,292,48
491,59,293,14
8,25,296,14
44,0,298,56
742,24,299,31
595,10,303,14
374,31,304,56
647,45,305,12
493,14,307,48
499,48,308,20
328,14,313,47
336,41,314,43
18,24,315,35
173,24,316,21
284,57,317,14
344,0,318,19
275,14,327,72
483,17,329,38
605,42,330,0
504,48,334,42
78,28,338,7
674,10,341,49
741,31,342,28
182,34,345,7
277,28,348,55
727,10,349,59
572,9,346,19
137,35,351,14
103,17,355,34
487,23,362,14
297,16,363,17
159,31,366,13
474,42,367,33
259,28,368,41
461,28,370,42
224,45,371,0
685,63,373,19
743,20,375,41
641,28,381,26
20,24,384,21
46,31,385,21
457,20,386,47
728,41,387,10
288,10,388,34
84,27,392,7
81,27,394,21
616,22,396,26
565,60,397,16
105,28,398,22
570,14,400,27
406,7,401,52
404,77,403,3
607,40,405,2
352,28,407,14
38,35,408,31
30,10,410,17
311,10,412,20
263,10,413,34
510,41,415,10
244,16,417,47
123,27,420,0
549,13,421,31
102,55,424,13
140,27,422,30
223,21,429,24
153,21,431,44
744,14,432,38
55,0,433,22
630,62,437,38
301,62,438,14
481,49,441,39
521,14,442,35
165,7,444,24
221,24,443,17
557,14,445,30
10,24,446,49
309,10,448,20
121,52,450,38
639,37,451,29
287,38,453,20
286,24,462,45
576,17,464,37
748,14,465,24
285,28,472,42
700,27,473,24
354,13,477,49
377,35,478,28
486,49,479,21
231,9,480,19
723,10,482,41
418,3,439,40
175,34,484,7
514,17,485,41
283,14,488,55
753,42,490,6
745,21,496,13
611,16,497,45
95,45,498,31
434,66,500,7
580,28,501,38
447,40,502,0
369,20,506,19
86,21,507,13
391,40,508,0
312,17,509,28
183,51,511,48
282,31,515,13
335,28,517,7
503,42,520,27
414,13,522,20
70,10,528,20
688,9,530,10
340,7,532,37
752,63,535,6
359,37,537,38
589,6,538,25
751,37,539,0
16,23,552,21
357,19,553,21
612,28,554,42
150,0,555,55
144,38,558,31
383,49,560,32
750,61,562,10
524,47,563,23
243,14,564,37
219,34,566,30
278,33,568,17
196,7,571,29
629,45,573,42
559,7,574,59
274,27,578,3
319,28,582,3
548,27,585,24
536,28,586,45
9,21,587,28
617,23,594,16
58,27,596,30
567,19,597,14
184,16,599,26
91,25,600,35
590,13,604,15
148,39,608,35
735,28,609,14
593,13,610,35
378,28,613,31
226,13,620,8
653,52,546,7
149,38,547,20
460,24,621,17
376,13,622,91
395,48,623,7
23,34,626,31
361,55,627,14
186,10,628,20
191,56,631,42
190,41,632,10
347,16,635,21
709,34,636,8
651,27,637,34
245,35,638,7
633,34,640,13
390,35,644,17
200,19,646,21
21,7,649,6
648,21,650,63
138,7,654,28
663,17,657,20
470,27,659,21
27,7,660,17
449,31,664,28
711,29,676,58
358,16,677,35
302,42,678,14
584,14,665,35
672,17,666,20
673,17,669,7
667,13,670,16
668,21,671,7
494,28,687,42
128,7,691,40
76,33,692,31
147,30,690,13
230,15,683,31
550,23,697,7
164,51,699,41
234,12,703,51
202,10,704,36
201,36,708,9
581,44,706,17
106,17,707,28
643,21,712,14
579,21,713,28
469,29,714,22
126,0,718,58
409,14,719,55
624,31,722,30
125,51,724,0
661,14,725,30
2,36,730,40
249,42,734,14
525,40,737,3
235,7,738,30
615,23,739,34
13,36,740,35
716,22,746,0
266,53,747,10
169,42,755,13
512,3,756,36
603,20,694,7
207,13,695,34
575,17,759,28
108,7,364,35
79,27,5,10
645,30,310,20
471,35,52,21
90,14,489,37
245,38,411,23
69,13,455,7
80,10,657,49
134,34,698,20
220,30,88,27
379,16,628,13
680,20,757,3
478,34,1,10
222,30,2,34
14,41,8,14
296,10,9,26
349,40,7,24
171,31,10,28
407,14,13,30
333,42,15,7
12,35,19,13
502,19,20,58
746,9,21,17
74,24,22,0
395,36,23,41
433,14,24,12
347,29,25,31
713,31,26,6
141,20,27,38
481,31,29,55
572,10,33,45
501,47,31,10
516,51,32,23
155,21,35,35
635,41,38,38
255,28,39,27
637,36,43,24
631,31,44,27
513,41,45,42
244,49,47,26
434,59,51,3
254,10,53,31
280,41,55,12
509,41,56,31
401,27,58,21
535,20,60,56
625,20,66,14
450,27,71,30
341,69,73,10
350,38,76,19
198,30,78,35
758,45,86,42
113,39,89,25
261,10,91,35
485,39,93,49
413,7,97,66
208,21,98,30
266,52,99,28
608,83,100,7
536,10,102,27
57,14,103,49
465,17,108,28
708,36,109,40
327,41,110,44
550,35,111,27
50,28,114,14
328,25,118,44
399,0,120,27
730,45,121,48
233,14,123,44
754,13,125,31
397,34,126,12
101,7,127,28
338,20,128,50
737,3,131,40
571,45,132,8
553,20,135,10
77,7,138,14
323,19,139,16
194,45,140,21
145,52,142,3
265,22,144,49
482,14,147,51
165,19,153,27
253,26,148,35
41,7,149,17
166,42,156,7
204,21,159,44
508,14,160,24
526,35,161,28
297,56,167,0
181,34,168,30
225,48,170,14
206,7,173,55
150,6,174,73
18,7,175,45
270,12,169,45
242,36,176,27
164,17,177,20
119,49,178,17
81,0,179,20
264,30,180,21
137,27,182,29
87,20,184,17
260,41,187,14
718,35,188,24
437,26,190,48
298,20,191,6
623,7,193,61
421,26,195,36
560,27,196,31
701,14,197,20
563,34,201,42
439,42,202,14
417,35,205,17
124,42,207,17
750,17,209,7
473,17,210,35
385,42,211,7
574,34,215,17
689,20,218,34
415,41,221,49
11,39,223,21
82,10,224,33
302,33,226,14
558,24,227,38
107,21,231,0
289,21,232,31
609,30,234,34
334,12,235,30
674,12,237,42
644,7,246,42
461,31,248,6
252,28,256,35
189,19,259,35
146,0,262,45
648,44,263,38
479,14,269,24
332,20,272,27
647,24,273,31
655,31,274,24
368,84,277,13
46,6,279,42
94,28,282,30
157,23,284,30
759,21,285,35
554,40,287,19
506,13,288,7
576,39,290,17
477,34,294,12
500,13,301,66
343,14,303,31
427,27,304,21
3,35,305,7
293,14,306,34
238,63,311,31
162,20,312,17
682,13,314,53
739,55,316,6
514,37,322,41
710,47,324,28
250,14,325,28
154,10,326,27
545,10,329,38
420,24,335,34
375,56,337,36
117,45,339,13
68,38,340,17
62,31,319,35
72,40,344,3
351,20,345,22
6,20,320,13
331,29,352,30
405,7,354,14
530,20,356,33
353,55,357,37
212,38,358,0
258,52,359,49
152,7,361,44
734,28,366,21
129,37,370,27
300,24,373,6
620,24,374,16
612,31,377,16
64,14,378,7
496,28,380,21
96,49,383,59
582,7,384,35
488,49,389,37
36,12,390,28
61,17,391,23
654,13,393,48
444,37,394,30
658,48,396,33
199,14,398,21
292,14,402,51
367,35,404,53
596,27,406,14
517,0,408,48
717,41,409,28
630,16,410,45
291,30,414,12
583,39,416,22
443,0,418,55
317,2,419,33
515,22,423,29
422,60,424,15
586,45,425,33
432,38,426,20
313,20,429,26
476,24,431,42
537,31,435,48
678,27,436,41
362,13,438,17
594,37,447,34
75,60,449,49
346,44,451,16
104,21,452,46
163,33,454,13
566,7,456,45
430,0,458,45
257,13,459,47
241,56,460,23
40,14,462,43
714,24,463,12
105,14,466,36
216,10,467,31
659,21,469,23
464,3,472,23
403,13,474,62
388,10,475,9
585,29,440,39
490,50,484,13
551,14,486,38
747,15,487,50
54,48,491,14
49,7,492,26
217,35,494,38
151,7,495,33
706,39,498,32
228,7,499,42
738,27,503,41
741,24,504,41
59,34,505,45
116,31,510,38
371,27,512,7
685,36,518,14
507,17,519,22
342,73,520,10
751,34,521,16
83,28,524,25
122,31,525,27
446,41,527,14
268,23,528,27
634,7,529,17
330,7,531,47
697,20,533,0
694,21,534,24
309,0,538,13
588,21,549,42
85,28,552,40
724,20,555,34
428,28,556,49
281,21,557,35
276,51,559,21
275,7,540,76
34,5,542,22
63,26,561,31
318,39,565,37
532,14,567,31
48,21,568,6
702,41,569,10
676,21,570,45
726,44,575,29
546,54,577,50
336,20,579,44
267,55,580,41
365,63,584,17
638,20,587,30
448,21,589,28
613,24,590,16
651,38,591,18
523,37,592,13
597,7,593,10
562,9,595,16
627,0,598,42
295,19,600,8
67,8,601,31
271,29,603,27
308,22,604,49
355,21,605,13
249,14,607,42
363,14,614,22
740,14,615,33
133,26,616,31
37,28,617,21
299,27,618,24
348,26,619,25
480,13,544,6
183,27,621,10
626,49,622,56
307,20,624,41
541,26,632,27
722,16,633,33
239,28,639,25
230,35,641,42
703,49,642,18
106,34,643,66
610,45,650,23
240,21,652,45
522,14,653,17
543,28,656,38
213,36,661,37
136,59,662,34
684,36,663,7
382,39,675,59
4,48,664,21
695,17,677,35
497,51,679,27
16,14,681,35
669,24,667,17
666,13,668,52
670,23,672,34
671,17,673,49
92,3,686,17
214,34,687,10
646,14,688,42
691,33,693,12
243,23,700,31
468,7,704,42
660,44,705,30
17,19,707,47
483,55,709,0
400,49,711,0
649,19,716,20
219,35,719,49
690,20,720,35
376,13,721,58
564,24,723,10
665,27,727,35
203,28,729,33
278,31,731,33
143,35,732,26
756,35,733,22
251,7,735,41
286,7,736,13
200,7,742,17
602,49,743,7
158,26,744,17
247,25,745,19
364,7,748,24
547,39,749,34
42,21,752,24
696,15,753,21
315,7,755,21
5,24,90,55
645,24,471,27
310,20,79,30
52,10,372,24
186,46,130,54
69,35,257,40
95,30,581,38
584,10,634,12
456,24,717,16
656,7,112,31
352,45,206,27
538,14,448,6
725,43,733,28
445,38,4,45
410,20,6,25
516,38,8,35
42,13,12,62
32,6,14,56
600,34,16,12
753,52,18,21
319,58,20,25
359,40,22,21
705,26,27,27
320,0,30,17
25,37,33,32
580,66,31,42
447,7,37,16
398,6,40,59
26,8,45,35
248,36,46,28
380,0,48,54
417,27,50,24
24,14,55,17
68,39,56,34
474,48,58,41
326,0,60,16
160,19,61,29
579,33,63,3
66,7,64,35
609,41,65,35
39,62,67,61
120,45,70,15
170,23,74,44
557,29,75,38
153,37,81,25
371,31,82,21
664,23,84,42
91,55,85,21
168,21,92,14
322,21,93,50
659,48,94,35
344,31,96,45
707,16,101,17
140,12,102,69
748,7,104,27
736,21,105,2
127,20,106,10
83,40,109,13
276,28,111,25
182,7,113,38
387,27,115,34
221,45,116,17
510,41,117,14
677,34,124,69
318,41,132,35
420,21,136,52
89,13,137,33
732,23,142,31
2,34,143,49
450,21,145,44
156,30,146,27
535,25,151,11
532,17,152,6
605,35,157,28
295,20,158,23
15,51,161,28
73,28,162,63
357,23,163,28
180,14,165,40
86,21,166,44
215,41,172,7
409,3,174,27
431,48,179,49
692,17,183,16
542,18,187,15
368,83,189,19
437,36,191,43
721,45,193,55
397,9,196,21
462,38,199,31
356,24,200,17
252,52,201,28
312,14,208,31
573,23,214,20
392,28,217,38
684,31,219,29
236,7,220,52
121,28,222,16
756,14,224,29
258,33,225,49
604,10,228,21
552,27,229,10
754,14,230,31
544,26,231,0
188,41,232,66
517,14,233,7
735,38,234,3
38,7,238,34
134,6,241,28
226,14,242,26
723,7,243,30
205,20,244,30
9,37,245,23
567,7,247,56
330,14,250,52
642,42,251,21
100,13,255,6
524,24,256,10
34,7,260,41
681,47,261,24
444,24,264,31
51,20,266,52
501,41,267,20
484,13,270,35
534,23,271,28
88,31,272,24
305,30,273,29
554,76,275,0
178,13,278,71
652,34,281,17
292,30,283,14
355,30,284,27
466,21,286,35
718,28,289,17
743,27,291,24
97,19,297,45
190,20,298,27
177,28,300,21
374,17,302,48
624,34,306,30
426,16,309,14
175,33,315,19
57,28,317,21
211,28,321,44
531,23,325,26
287,20,327,31
49,14,329,27
13,17,331,14
139,27,332,30
108,21,333,27
123,38,335,36
663,26,336,0
593,48,340,30
237,28,341,35
504,0,342,59
259,35,348,42
346,34,347,27
598,18,361,51
99,56,362,42
167,7,363,38
657,38,364,35
529,14,365,41
389,37,369,15
623,41,376,16
590,7,378,10
701,0,381,56
603,42,382,13
565,21,383,42
62,30,384,7
370,24,385,23
218,30,386,26
324,14,390,59
47,3,391,45
626,44,395,41
528,19,399,14
676,14,400,45
403,36,401,66
488,31,402,24
404,56,406,0
615,35,407,14
337,9,414,14
418,22,415,21
464,45,416,10
135,13,353,24
103,14,419,38
282,39,423,44
436,37,427,7
614,18,428,41
574,21,430,24
280,41,433,21
301,24,434,31
239,19,441,52
202,40,443,42
171,14,446,43
459,19,455,14
511,35,457,40
698,13,460,42
279,37,461,20
469,28,463,30
452,14,465,34
339,35,468,16
212,38,473,66
394,2,476,22
453,21,478,48
358,17,479,41
107,48,480,28
475,43,481,40
720,27,482,33
704,14,439,31
755,14,490,38
633,28,493,7
19,21,495,34
29,27,498,35
487,34,500,13
235,7,503,49
628,13,506,30
262,34,507,24
114,22,508,15
213,33,512,22
131,41,514,21
375,28,522,21
485,28,525,54
98,31,526,14
299,55,530,20
599,40,533,7
424,44,536,41
185,10,537,41
675,28,523,31
288,23,539,45
515,41,549,48
87,7,550,14
246,21,551,3
203,23,553,35
686,27,556,32
265,13,558,0
458,34,559,0
377,9,540,28
44,7,541,42
126,18,560,56
268,34,561,11
147,29,564,20
719,31,566,17
119,40,568,27
351,42,569,35
711,28,570,63
72,26,571,28
578,14,543,13
639,20,572,24
285,45,575,26
726,24,576,59
731,18,577,15
502,10,582,7
472,40,583,21
546,20,585,14
194,31,586,27
411,13,587,44
421,35,588,17
744,10,589,8
617,19,594,11
367,44,596,55
653,9,602,35
601,26,606,6
253,35,608,57
496,6,610,36
679,20,611,17
1,37,612,35
308,35,613,62
527,14,618,35
277,21,619,60
304,44,620,35
636,0,545,48
41,47,547,3
440,28,548,6
499,17,625,15
23,35,622,33
597,14,627,20
311,16,629,50
125,38,632,17
412,34,635,27
591,14,637,41
296,15,638,10
491,42,640,30
555,20,641,17
486,41,644,9
742,37,646,14
3,40,647,7
43,0,651,41
379,38,655,7
11,41,658,47
715,33,662,38
509,39,674,20
176,31,678,47
449,21,680,28
467,17,665,35
667,20,666,10
668,30,669,27
673,28,670,25
672,24,671,31
10,31,688,48
207,21,690,24
169,3,696,27
184,13,697,23
210,46,700,42
345,21,702,81
563,23,708,40
492,63,709,21
269,13,710,20
703,28,712,31
470,21,714,34
683,27,724,42
35,24,727,52
192,7,728,51
454,14,729,41
71,31,730,34
122,45,737,19
173,28,739,44
316,27,740,21
520,27,741,14
650,8,745,42
438,43,747,14
149,31,749,28
691,21,750,17
442,24,751,59
154,14,752,21
592,14,694,28
519,30,758,44
290,27,759,24
372,6,5,30
471,21,489,14
79,20,645,27
457,45,183,20
540,62,453,3
33,27,639,45
307,26,722,20
195,56,515,34
665,13,529,31
4,14,557,30
558,7,680,41
724,14,6,48
616,27,9,30
365,23,7,18
618,17,10,27
296,34,14,31
706,31,29,52
408,0,30,30
8,19,32,20
220,31,35,42
555,7,38,31
632,41,44,15
192,30,52,45
493,28,54,49
215,17,69,18
559,0,84,64
146,7,86,41
697,23,87,20
139,21,88,6
611,38,95,17
685,0,102,49
543,7,112,53
728,39,115,20
240,0,134,28
335,15,136,14
486,34,143,23
449,20,144,58
130,41,155,0
507,34,156,26
97,14,168,19
688,35,171,28
129,29,173,26
533,0,184,22
655,6,186,34
630,37,190,16
191,3,214,52
76,17,218,20
523,36,224,42
125,45,230,19
272,16,236,21
123,9,238,55
329,3,247,38
758,24,262,31
664,35,265,37
295,15,271,22
656,28,274,38
257,29,276,30
353,27,280,20
714,28,282,46
506,14,283,16
583,29,285,44
751,26,292,24
640,34,293,31
200,27,299,59
120,28,301,63
538,16,302,24
332,7,323,27
208,17,341,20
122,24,342,55
25,35,346,16
446,20,356,12
237,3,361,34
327,27,377,24
578,20,379,31
369,23,388,16
539,3,389,45
23,42,390,41
216,34,392,35
439,21,404,25
687,0,410,51
476,17,417,20
233,15,420,31
423,7,421,34
172,7,430,69
499,21,431,42
681,41,432,52
3,3,434,63
631,48,437,33
402,28,442,24
227,40,445,20
347,30,451,17
684,33,456,31
458,14,459,21
759,14,464,38
217,14,467,17
588,22,469,14
463,33,470,14
416,24,472,38
553,48,480,21
350,31,481,28
288,27,488,42
306,7,491,44
349,27,494,30
141,10,497,44
260,42,510,59
621,7,511,30
166,41,519,10
475,38,521,14
646,7,527,13
13,27,552,48
110,31,554,38
94,34,556,3
298,49,541,30
465,42,566,16
572,12,573,37
455,20,574,30
575,14,576,37
391,26,586,44
111,22,599,17
725,14,600,28
607,7,601,35
98,35,610,38
478,24,612,27
181,27,614,15
65,7,615,29
412,29,629,21
719,20,658,17
549,41,659,30
581,20,660,38
428,14,662,52
27,42,679,10
355,2,673,55
167,13,686,27
386,13,689,30
319,17,691,28
641,45,683,25
225,14,696,33
692,3,698,6
608,31,702,37
498,13,705,37
91,59,712,36
256,7,715,52
571,20,718,46
290,20,726,34
634,7,727,45
60,14,736,43
436,35,739,36
530,34,742,20
703,41,753,25
381,6,754,34
75,63,757,14
637,20,368,27
489,24,387,21
624,48,633,10
320,23,635,17
144,24,4,27
29,35,27,42
52,41,79,24
645,52,192,16
442,37,292,34
5,24,310,27
727,67,365,66
90,41,372,21
30,14,412,21
274,35,543,9
441,42,572,40
112,16,578,0
186,49,656,32
611,31,660,10
689,20,692,24
471,31,728,21
38,44,6,55
281,28,25,45
451,35,33,68
640,46,54,48
691,14,72,35
680,19,75,50
621,7,76,28
84,42,95,35
586,45,102,42
573,17,134,35
679,38,141,34
23,14,145,52
718,36,147,51
719,37,174,27
698,21,183,41
290,36,191,16
486,46,210,33
494,31,216,28
214,19,218,24
550,22,220,44
265,21,227,28
241,30,238,24
347,16,239,22
639,54,240,31
361,34,247,6
302,21,271,24
521,16,288,23
722,37,293,24
335,26,299,21
306,13,307,51
684,23,333,21
529,31,349,76
311,40,350,44
342,31,368,28
539,41,369,38
155,10,379,41
511,35,386,23
510,21,400,24
410,17,408,31
556,14,421,52
576,47,423,40
417,28,431,56
703,0,434,67
757,30,449,36
460,35,457,7
612,10,472,44
283,47,475,33
388,28,488,42
497,47,498,19
404,48,501,45
389,34,506,10
430,24,530,46
540,17,554,21
558,7,557,38
481,14,581,49
7,45,584,24
245,45,587,52
341,17,610,30
130,14,628,6
467,27,634,34
346,42,652,23
445,49,664,27
392,21,665,24
696,14,673,38
629,24,687,17
601,10,702,21
705,31,706,13
353,0,715,59
301,14,736,12
129,27,739,37
402,24,751,34
112,39,186,30
471,51,79,17
27,13,497,51
412,13,6,42
307,27,54,38
227,14,75,28
542,21,116,48
570,42,117,10
290,14,125,35
274,31,130,38
530,15,136,36
486,28,145,31
72,26,147,32
543,27,155,20
421,20,195,37
218,37,241,35
472,21,285,41
554,37,298,26
349,23,365,26
404,17,400,44
361,41,431,21
301,28,434,36
220,19,446,44
576,24,464,27
751,0,488,59
493,38,491,35
14,38,587,24
586,62,610,37
187,21,622,72
293,3,624,55
628,10,655,3
702,33,673,37
719,31,684,17
335,22,688,29
271,13,715,41
342,45,739,7
125,30,446,35
719,7,145,10
285,59,195,46
147,13,400,47
715,21,434,70
35,10,441,17
136,39,464,39
342,14,673,20
554,34,688,31
586,55,361,31
673,43,434,34
554,3,464,35
728,24,4,38
445,3,346,16
145,13,400,0
285,21,446,18
79,33,572,28
144,10,679,45
680,21,665,6
84,48,379,55
471,23,365,52
441,17,557,16
529,30,227,6
115,48,727,49
460,34,112,27
283,18,349,35
457,21,539,40
183,31,29,36
506,31,76,30
386,21,573,24
442,42,581,45
130,17,692,33
491,6,134,40
30,31,633,7
722,37,635,45
350,14,238,37
320,28,481,31
369,21,611,45
75,38,27,30
410,34,241,49
624,42,408,3
488,42,6,35
751,34,38,31
389,42,54,41
402,17,412,33
218,20,497,59
511,34,274,35
660,40,307,35
705,22,493,30
292,28,629,45
186,20,214,28
645,63,33,44
464,29,285,27
497,20,488,42
